"start","end","seqID","numID","score","top_N","top_5_N","representative","class","repeats_number","median_repeat_width","median_score"
20901,22000,"Ath_CHR1_up",1,0,69,"N_69_Count_5.","taccaaatgttgctgaagtatttacaaataaaaaattctctagtatatttttaatgaaaaatgtaaact","69_13",3,56,28
62701,67100,"Ath_CHR1_up",1,0.00197058823529412,131,"N_131_Count_12.N_52_Count_1.","ttaacaagattatagacaagtatagaacaaagacagatcctcaatgtaaaagccgaaaacatgctaagttcaacaatcaacaaatgttccacaattaagttcatgattcacaacagaacacaataaaaaac","131_103",4,100,33
83601,84700,"Ath_CHR1_up",1,0,447,"N_447_Count_6.","atcaaacgtttgtttctcctcttggaggtaagaatctcctcgtgatttctgtttggttgtttattttcggtttccctagaccttatactctatactggttatgtcctttgcaccgatccactaagtagacagacttatacttgtttataacttcaagggctcaaagttagagtttgtgtttaagatgggttttattggtaagggcatagcgttgagatacataaattttctgctttgtacttcattgaaagattcgtggtttcgattgaattgtaccacctgcagaagatctctctcctttgcttgaagccgacaacagtggtgttactttgagagaaagttctactcccattgccgaagcagcttcttccaagactaacaatgcatcgcaaccagaagattcagaaaacctagaagatactacaactaaggattgttcaattcagt","447_14",4,254,56
132001,133100,"Ath_CHR1_up",1,0,130,"N_130_Count_7.","atatatatgtggatccattgtgaagacacatttttttgttattgaaagtatgatttaacacgctacaataaaattatgtatacattaggtcttacagctattaaacgatcaattatagctattattcata","130_15",4,115,29
176001,177100,"Ath_CHR1_up",1,0,32,"N_32_Count_5.","tcatctattctttggtatatattttttctaac","32_16",2,32,5
243101,247500,"Ath_CHR1_up",1,0,28,"N_28_Count_5.N_57_Count_1.","taaacccgtgattttcccgccaaaaacg","28_2",13,28,11
277201,279400,"Ath_CHR1_up",1,0.127583333333333,694,"N_694_Count_20.N_97_Count_1.","aatataatttgttgattttaattggttacttttttggaaattaataatgtatttccaataagccctataatctagagattaacctgcagtataccgcaggtaggcttatattttagttaaactaaaaacttgtattgtaaagatgatttaaaaatatatgatattattttatttgattttaaatgtatagtaaactgtgagttgtatatgttttgttgatatgatctatattgtttagtgtttaagattatacacttgtagtttgattgttaatttaagagttttacctgtagtatactatcttgtattaatatcgatctaaacccgttaattctaagattttccagattgtattaaaaattgaatcacatctaatatgttattaattattgtagtatataagattataaattttctatataatatgtatgaaattgaatataaatatttcaaattatgtcccgttactcagtagaaagttttcttaaatctatttttcacctgttataatattatttcatgtattgaacagtttatattcgtttttaaaaattcaaattatggcatatgcgaaaaaactctaattatttttttataatgatgatattatttttccgcaaaaatagaatcatataaagatgagaagtgaactataataattaataaaaaaattaatatgataatttagatacca","694_79",4,216,68
361901,365200,"Ath_CHR1_up",1,0.049,545,"N_545_Count_18.","aaaaacagagaatgtgagaggacacctcgatatattgctttttccatggactcgttgatccacaacttcagttttcttcatggtctcgttttcttctgctagaataaaaaaagaggcgagagagtaaaagaaaataggaactgttgagtgagttcttgaaatctaaactacagtcaaaaatatttacacaatctcaatatattagtgaaagagaatatatcgatcagatttaagaaaaaatattacataccttataattttgttgttcattggaagatagtagtcaaattataaatcatcatcgtgtttctgcaaattaacaggaaaaagactgtaatccctatcaaaaaattcaatcagaattactcatcttataaatatatagagaggtaaaaaaagcttaacttcttacttgcataaaagataaataattataaagcaagacatactttaacaaaatcatgtgtgcgtatacattttaatctcccatattacctgcataaatattttaaaaaacagatgtgagaaaaacatgaaaaatagag","545_82",3,402,29
371801,376200,"Ath_CHR1_up",1,0.00127941176470588,302,"N_302_Count_13.","gccaaattttgtggctgtagaattaggatgttgtgttgattcattgctttagttttagcctggatttagtgcaggacaaaatttacccattatgttgagttatcacagttctggtcatgtgcttaattacaccaatgtcttaagttttgttgttgttggctctgataacttgtttgccaagataggttttagattctctcagatattgatagcatgtgtgttgtctttgtacgttttttcatgatttcagagattctcttttatgttaacagtgagatttaagtcatttgaccaatcaatca","302_112",2,203,34
451001,453200,"Ath_CHR1_up",1,0.00833333333333333,120,"N_120_Count_11.N_263_Count_4.N_350_Count_4.","ataactattttagaaacttagtatgctaactttttctttcatatccatttaaatggtttaaagtgcatttgatgcctaccaaaaagaaaaactatcaaaaatatataagtaagactcaat","120_96",5,115,32
462001,465300,"Ath_CHR1_up",1,0.00565217391304348,28,"N_28_Count_10.N_84_Count_2.N_196_Count_1.","aaattacgggtttacgtttttggcggga","28_95",14,28,6
2893001,2895200,"Ath_CHR1_up",1,0.000333333333333333,28,"N_28_Count_2.N_84_Count_2.","aaattacgggtttacgtttttggcggga","28_95",16,28,8
495001,498300,"Ath_CHR1_up",1,0.0211521739130435,644,"N_644_Count_19.N_207_Count_4.N_202_Count_1.N_650_Count_1.","taaaacctgtttttcaatctcaggtttataatattccggccttgatatttctacacggtgaccggaattcttcactatatcatccaacattctacacttcatatcttctctgtaatcatcttccattatctcttcttcgaaatcggtgaggctaaatttagacacctcgtgtggtgactcttcataacatctaatatccacatctggatccattactttcttctcttcctcttcatatacctaaacacatgccacaagtcaaatattatgaaaccaaaaacaaaaaaaaataaaaaaaaatatctagtgatctttttattaaaaactaacctgtttttcaatctcaggtttatattccggccttgatatttttaaatggtgaccggacttcttcattatttcatccaacattctacacttcacaccttctatggagtcattttccattatctcttcttccaaatcagtgaggctaaatttatacacctcgtttggtgactcttcataagatctaatatagatatccggatccattactttcttctcttccttttcatatacctaaacacacacaagatcaaatattattaaaccaaaaaaaaaaaaaaaaaaaactgatcttaatcacaaaataaccaaaaaaa","644_84",3,582,26
550001,552200,"Ath_CHR1_up",1,0.005375,168,"N_168_Count_11.N_84_Count_1.","gccaccagcgtttttttcggttcctccgttgccaccagcattagcaccagggttagttccggctttaccactgctaggttttgagccaccaacgtttttttcggtttctccgttgccaccagcactagcaccagggttagttcgagcactaccactgctagattttga","168_100",4,164,21
557701,558800,"Ath_CHR1_up",1,0,27,"N_27_Count_9.","gttcaatgtctgggactgtcttcttag","27_17",3,27,12
588501,590700,"Ath_CHR1_up",1,0.003375,73,"N_73_Count_11.","ccgattagcgttggcggcgatggtgactcatgaatcatgtcttgtgatgaaaaagacggcaagatcttgactt","73_107",3,71,20
594001,599500,"Ath_CHR1_up",1,0,30,"N_30_Count_10.","attatactgattgtgttctatatatccacc","30_1",2,30,2
621501,622600,"Ath_CHR1_up",1,0,321,"N_321_Count_5.","aactacattatgttgtagagccaatatttgaatccgctttaatgcattctaaaatcttcgtctgcttcaatatattttaatcactgtaaaatgtttttggagaaagaacgttttattattaatgctaattgaagattatatatgctgtcctaatcgtttatgtatattatacctttttatatattcgatataaattagctaaaactattttctaaaatggggatggtggagaccatagaaacacaaaacacaatattagctaaaactattttctaaattgtttaaaactataccaaataaaacataaaacacaatatttca","321_18",3,104,68
658901,661100,"Ath_CHR1_up",1,5e-04,32,"N_32_Count_11.","ttataatggtcatgtaggtgatgtatgatatc","32_134",2,35,10
743601,745800,"Ath_CHR1_up",1,0,101,"N_101_Count_8.","atcttaaggctgttgcgatttgttattttcatttattttatttttggcggtaaaagacttcatatattttaaatttattttgtatcttaaatttattttgt","101_6",4,81,34
748001,749100,"Ath_CHR1_up",1,0,174,"N_174_Count_11.","acacatatgtggtgatgctataggatgtcagtaactggaagagtgaggtcattttctttggagattttaaggtcaatctcagacaagagtctttatcaggagaggtaagacgaaacagtttccctttgtcttcctcgagttgaattgtgaaattagataggctagacattattg","174_19",3,110,44
756801,760100,"Ath_CHR1_up",1,0.0013695652173913,174,"N_174_Count_11.N_65_Count_5.","acacatatgtggtgatgctataggatgtcagtcactggaagagtgcggtcattttctttggagattttaaggtcaatctcagagaagagtctttatcaggagaggtaagacgaaacagtttccctttgtcttgcttgagttgaactgtgaattaggatatgccagacattattg","174_19",3,125,32
793101,796400,"Ath_CHR1_up",1,0.0584782608695652,434,"N_434_Count_16.N_438_Count_2.","gcatctatttgctgggttttatgttccggccggccttcaagacaccgcaagcttgtggatagcgatggttttcatcatcatgctgtggtttatattcatctcaaagtaggctttgacatgcggggtaattgtagttgcttgacacatagcctacttgattatgatttttgaatttgtcattcgtggtcagagtcggtccaaagactaatcatgtttaaagctcaacaaaatttgatgtccatttacaacaaataaaaatagaaaattgttttaatattttcgattaccaaggatcgaaccaatcactttctaccttcaaagcacagaaaaccaatagattataagacgtttcataaaatttgatgtcttttaaaatatatataaaatttgctgtctaaagcatctatttgctgtttacaaaaaaaaaaaaaaaa","434_80",3,356,18
809601,814000,"Ath_CHR1_up",1,0.00141176470588235,141,"N_141_Count_11.","gacacaattgtttacgataaaatacagttctacgagaagttgcaataaaaagacagtaacagtaaaaataaccgtcaatattaaacaaaagttacgataaaaagatacgaatgtaaaaaagtaatcatcaatattttaaca","141_111",6,128,27
887701,889900,"Ath_CHR1_up",1,0,165,"N_165_Count_2.","acagtaagttttgagagcagattgagatctttgtccagcttctgtgtagtagaactggtgaaattttcttacttttggtgagtttcttcttattgatgtaaaagggtactttgaaattattgagaatttgagcaaataagaaagcttttgatgtttttagattcc","165_7",3,124,32
893201,895400,"Ath_CHR1_up",1,0.00454166666666667,43,"N_43_Count_10.N_86_Count_1.","gaacaaatcgattgagtaaacgaaaccctaatcaaatgaaaca","43_101",6,43,4
970201,971300,"Ath_CHR1_up",1,0,95,"N_95_Count_6.","agacatatgttggggatacatactaataatggagattggaggcaatatagatgggatatatatatatatatatatatatatatatatgaagtatt","95_20",2,97,10
1025201,1026300,"Ath_CHR1_up",1,0,143,"N_143_Count_9.","tgcgaactgtttggatatgtttacgtggacaatatatattggatacataattaggaatatagtttaatatatgatatttgttgggaatgtataatactacttaggcttaaatatttttatttgatttaaagcattatatataa","143_21",3,148,14
1060401,1062600,"Ath_CHR1_up",1,0,42,"N_42_Count_2.","cttatcagttttctcttcggtttccactttaatcttctcaag","42_8",3,42,29
1076901,1078000,"Ath_CHR1_up",1,0,36,"N_36_Count_3.","ggttcatgtttggcggtggtggtccctgatagctct","36_22",10,36,17
1085701,1089000,"Ath_CHR1_up",1,0.0071304347826087,41,"N_41_Count_11.N_69_Count_5.","taataaagtaggatcatgtggaaatataataaataaaacga","41_93",5,41,5
1126401,1127500,"Ath_CHR1_up",1,0,39,"N_39_Count_4.","taaccaattatgcgttttctctaccgtatttcaaaactt","39_23",3,39,8
1149501,1150600,"Ath_CHR1_up",1,0,26,"N_26_Count_1.","atatatctggatatgtgtaagagatt","26_24",3,26,0
1159401,1163800,"Ath_CHR1_up",1,0.00151470588235294,89,"N_89_Count_11.N_399_Count_2.","tttaaaagcgtgatttacaagggattttaaaaggtttttaaaagatttataagggattttaaaaaggttttaaaagatttacaagagat","89_110",4,84,22
1212201,1213300,"Ath_CHR1_up",1,0,97,"N_97_Count_8.","tcttatatgttgattttgattggttattatttttggaaattaataatgtatttcgtttttctaattaaattaaattaattaaaatttagatatcaaa","97_25",2,95,8
1276001,1277100,"Ath_CHR1_up",1,0,33,"N_33_Count_10.","gaaatcatgggcttctcattttaagggatagat","33_26",2,38,19
1323301,1325500,"Ath_CHR1_up",1,0.00233333333333333,207,"N_207_Count_12.","gaattaatgtctgcgattttggtggttatgtagtagctacatgatagtcgtacttgtaatttgtgcaagtcccatgtgaaaagattgatttactctcttgggaaattggagtcttagattaaattatcaatcatctatcatctagctacataatttggattaaactttaaaaataaatgtagctatattgaaatgattaattttcaa","207_113",2,195,19
1443201,1444300,"Ath_CHR1_up",1,0,64,"N_64_Count_6.","ctaataatgtttgagatataatctctttggatatatctcaattgacaaataatttgagataatt","64_27",2,68,14
1468501,1469600,"Ath_CHR1_up",1,0,303,"N_303_Count_11.","tcatcactgcctttttgctttgttccttgcaggtgctaatggtcaaatgattttcctctgtacttctctcgtaccaagagcaccagaagaaaatcctcagatggacgcagtagcaaaattaatcgccgaggcagaacacttggagttccaagcaaaagaggcacaagaacttgcagataaacacgcccagttgctagaattagaaagcgagataatcttgcagttagccgtagaaatctttaaccgatgtacgtaatgtccacctcttaaccacatcatcatcataattcaaaaccatcatca","303_28",3,246,33
1536701,1538900,"Ath_CHR1_up",1,0.0123333333333333,295,"N_295_Count_12.","atactccttctgtgtagtcaatggacgaactggcagctaggcgaggagatagatgagttgtgcacttgagggacgagctgacgagtaggtgaggaattggacgagctgactagctgacagctaggcgaggagatggtcgttgagtgatgtggagcttgaagacgagctgaagaacttaaagacgagctggagtatggggcacgatttggtcaaaaagcccatgagccaaagaaccaaatagacttagtgaggtgtatcgggccaagatttagtcaaaagaaccaaataaaccagt","295_92",4,177,44
1575201,1576300,"Ath_CHR1_up",1,0,103,"N_103_Count_5.","ccaaaacttgttctgctagttctaattgaccgctccaccggtaatatgtggaccggtcaaatgctaagtgactatccaaaattttataattctgcttcaatag","103_29",3,66,41
1668701,1669800,"Ath_CHR1_up",1,0,32,"N_32_Count_3.","tgattattgttttgtctgatttttatcttgtc","32_30",2,40,25
1681901,1686300,"Ath_CHR1_up",1,0.00025,57,"N_57_Count_2.","aaataaatggaaaatcatgtaaacgtatttaaatacaaaatataaattgttaataat","57_133",2,59,13
1705001,1708300,"Ath_CHR1_up",1,0.00104347826086957,32,"N_32_Count_13.","tttacaagggattttaaaagggttttacaaga","32_119",12,32,8
1722601,1723700,"Ath_CHR1_up",1,0,57,"N_57_Count_6.","aagccaagtctctcgcctccggtttacaagccaacactctctcctccggttaacaat","57_31",6,58,15
1766601,1767700,"Ath_CHR1_up",1,0,456,"N_456_Count_10.","agcacaaggtgaagtgttgactccttttggatgttgtaatctgcaagagtccgaccatcttcgagctgctttcctgcaaagatgagtctctgttggtctggtgggatcccttctttgtcctgaatcttggccttcaggttatcgattgtatcagagctctcaacttctagggtaatggttttgccggtaagggtcttcacgaaaatctgcatcccaccacggaatctcagaaggagatgaagggtggaatcctcctggacgttgtaatcagcaagagtccgaccatcttcgagctgcttgcctgcaaagataagtctatgttggtctggtgggatcccttctatatcttgaatcttggccttcacgttatcgattgtgtccgagctctcaacttccaaaactttcgtctttccggtaagagtcttgagaaaaatctgcatcccaccacggagtctc","456_32",3,456,25
1827101,1828200,"Ath_CHR1_up",1,0,34,"N_34_Count_6.","actcaaagtctttgcactgacaagattgtaaatt","34_33",2,40,23
1889801,1890900,"Ath_CHR1_up",1,0,41,"N_41_Count_10.","tatcaaatgcgaaactgctactaatgtgaaagcactctcta","41_34",2,42,8
1893101,1894200,"Ath_CHR1_up",1,0,239,"N_239_Count_7.","agattaatgggaagagaagggtttgaagaagtgtacatgtacagtcctggttctagacttgaaagttacacaaagtctgcttatgtatgtattggaccatcttcattgctaagtccaatctctttggaatctggttgtgtatggagaggtgtcctacatcttcacaatcctaattcctaatgcatcaaaactattctttcaagtttcaccatccaaatgacattggtcaaaactacaca","239_35",2,175,29
1910701,1911800,"Ath_CHR1_up",1,0,48,"N_48_Count_5.","atcagaatggctgtcctcgccgtcatcgtcactagcaccaagatcgtg","48_36",4,49,10
1920601,1921700,"Ath_CHR1_up",1,0,36,"N_36_Count_2.","tatcaacgctgccatacgcatcatcatcaccatcaa","36_37",3,39,31
2015201,2017400,"Ath_CHR1_up",1,0.00825,318,"N_318,319_Count_14.","catcacctttttctttattttatcctctttggagaaatttgtttcttcaacctcgttttgagagtaaagaaaattaaacatacacgacgtcttgttttattggatggcatcctagtacacattttatgatggtttgggaacaaatttgaaaaattaatgattgattgagacagatacagtcaaagtatgtgtcatttattcgctaatttgggtataagaatttaaactatttttggatatttctaaacatattatcatttatataaaaataacttctcattattgaaatccaacatactctcttctatccattgaaat","318_98",4,211,55
2039401,2040500,"Ath_CHR1_up",1,0,30,"N_30_Count_5.","tatatccgatgatgtctcctcagattcttc","30_38",2,33,14
2042701,2044900,"Ath_CHR1_up",1,0.01675,175,"N_175_Count_13.","tataacatttttgtaatgccctttttctaaatagtaaggtttcctcaaacttgtactctaaaaatctgacaagtggcgctctattcattcgacatgtgtcattcttctcaaatttaaatatactattttccatattctttgagtttaattacagttttataattaaaaaaaaact","175_87",3,165,10
2065801,2068000,"Ath_CHR1_up",1,0.000166666666666667,8,"N_8_Count_9.","ctctccct","8_138",4,8,25
2190101,2192300,"Ath_CHR1_up",1,0.00379166666666667,167,"N_167_Count_12.N_17_Count_1.","ctaccacgggtgaaatcctagaattgacgggcttgattcgatattaatatgggatggtgtactacggaatattttagaattgtctggtttgggttgataataatttgcgatagaattaggagtgaaatcatagaatgacaattaaaatataattatacaattaaata","167_105",3,129,30
2196701,2198900,"Ath_CHR1_up",1,0.055125,138,"N_137,138_Count_17.","actcacatttgaagcatagttgtccattgataagtgtccaagcactctagtccaagtggtcatctagtaactcacatctgaagcatagttgtccattgatgagtgtccaagcattcaagtccaaatggtcatctaata","138_83",2,114,23
2238501,2239600,"Ath_CHR1_up",1,0,72,"N_72_Count_9.","caaaatatttatatctaacgtataaatgacttcataaatgacttatctttaaaacaccacttcataaaattt","72_39",2,76,17
2249501,2253900,"Ath_CHR1_up",1,1.47058823529412e-05,22,"N_22_Count_10.","ataaatatctgacatgcacgac","22_140",2,22,0
2343001,2345200,"Ath_CHR1_up",1,0.0203333333333333,42,"N_42_Count_11.N_77_Count_2.","tacaatcggctcgttcttccggcctcaagctcgtctttcatc","42_86",8,42,0
2396901,2400200,"Ath_CHR1_up",1,0.000521739130434783,23,"N_23_Count_11.","tggtgacggtggttgtccggcga","23_125",9,25,22
2427701,2431000,"Ath_CHR1_up",1,0.00215217391304348,57,"N_57_Count_10.N_84_Count_2.","taaacccgtgattttcccgccaaaaacgtaaactcgtaattttcccgccaaaaatcg","57_109",8,56,10
2446401,2447500,"Ath_CHR1_up",1,0,38,"N_38_Count_10.","atcaatattgcctagccaagttatagctatatcattac","38_40",2,38,8
2457401,2458500,"Ath_CHR1_up",1,0,219,"N_219_Count_3.","acaaaaaggtgaagggaaagaaggaaaagggagagaagggtgaccttgagaaagaagatgaagagaagaagaaagaacatgatgaaacagatcaagagatgaaagaaaaagatagtaaaaagaacaagaagaaagagaaagatgaatcaggtacagaggagaaaaagaagaaaccaaaaaaagaaaagaaacaaaaagaagaatctaagagtaatgaag","219_41",6,141,41
2459601,2460700,"Ath_CHR1_up",1,0,80,"N_80_Count_10.","ccaaaaatttaattgactcttaacccaaactaaatctaaactcaaaccaaaccgaatcaacaaatttcaactaaaacaaa","80_42",5,80,17
2464001,2465100,"Ath_CHR1_up",1,0,36,"N_36_Count_6.","ctactccgtcttctccggtcactccgtcttctccgg","36_43",4,36,13
2487101,2489300,"Ath_CHR1_up",1,0.13175,430,"N_430_Count_22.","accgaccttagctcagttggtagagcggaggactgtagttgacgcagattatccttaggtcattggttcgaatccgctaggtcggatcataaaagtttaaagatttttttttttcatttcgtttcaaagtgattagagaagagtataactacaaactcgtttttctatgagaaattgttttagagaattgcatagctattgactgtattatcagaaatgagtgggaaatctagaagtaattttcactgtattttaaaccgttcaaggcttacgagatttatgcaagtatttttctaatataatgtttttataaattcaaactttgttttcaaatttttaatagagactcactatgagtatgctaacttaatacaaatcattgtgttcatagaatatttagatcagtacacatgcatgaaatagaataaaa","430_44",5,430,67
2491501,2492600,"Ath_CHR1_up",1,0,430,"N_430_Count_8.","tccgaccttagctcagttggtagagcggaggactgtagttgacgcagattatccttaggtcattggttcgaatccgctaggtcggatcataaaagtttaaagatttttttttttcatttcgtttcaaagtgattagagaagagtataactacaaactcgtttttctatgagaaattgttttagagaattgcatagctattgactgtattatcagaaatgagtgggaaatctagaagtaattttcactgtattttaaaccgttcaaggcttacgagatttatgcaagtatttttctaatataatgtttttataaattcaaactttattttcaaatttttaatagagactcactatgagtatgctaacttaatacaaatcattgtgttcatagaatatttagatcagtacacatgcatgaaatagaatacaa","430_44",2,288,34
2494801,2497000,"Ath_CHR1_up",1,0.130291666666667,458,"N_458_Count_21.","accgaccttagctcagttggtagagcggaggactgtagttgacgcagataatccttaggtcactggttcgaatccggtaggtcggatcattaaaattgaaagttttttttttccatttcgtttcaaagtgcttagacaagagtataactacaaactctttttctatgagaaattggtttaagagaattgcatagctattgatcgtattatcagaaatgagtgggaaatctctaagtaattttcactgtaatttaaaccgtttaagggtaaaccctcattttcgtatatttacgagatttaggcaagatattaagtgtttttctaatataatgtttttataaattcaaactttgtttacaaatttgtaatagagactcactatgagtatgctaacttaatacaaatcattttgctgatagaatatttagatcagtacacatgcatgaaatagaataaaa","430_44",5,458,69
2499201,2500300,"Ath_CHR1_up",1,0,458,"N_458_Count_8.","tccgaccttagctcagttggtagagcggaggactgtagttgacgcagataatccttaggtcactggttcgaatccggtaggtcggatcattaaaattgaaattttttttttccatttcgtttcaaagtgcttagacaagagtataactacaaactcgtttttctatgaaaaattggtttaagagaattgcatagctattgatcgtattatcataaatgagtgggaaatctctaagtaattttcactgtaatttaaaccgtttaagggtaaaccctcattttcgtatatttacgagatttaggcaagatattaagtgtttttctaatataatgtttttataaattcaaactttgtttacaaatttgtaatacagactcactatgagtatgctaacttaatacaaatcattttgctgatagaatatttagatcagtacacatgcatgaaatagaatacaa","430_44",2,300,35
2501401,2504700,"Ath_CHR1_up",1,0.162173913043478,458,"N_458_Count_30.","tccgaccttagctcagttggtagagcggaggactgtagtagacgcagattatccttaggtcactggttcgaatccggtaggtcggatcattaaagttgaaagttttttttttccatttcgtttcaaagtgcttagagaagagtataactacaaactcgtttttctatgagaaattgtttaagagaattgcatagctattgactgtattatcagaaatgagtgggaaatctcgaaggaattttcactgtattttaaaccgttcaagggtaaaccctcattttcgtatatttacgagatttaggcaagatattatgtgtttttctaatataatgtttttataaattcaaactttgttttcaaatttgtaatagagactcactatgagtatgctaacttaatacaaatcattgtgctgatagaatattttgatcagtacacatgcatgaaatagaatacaa","430_44",5,458,69
2506901,2509100,"Ath_CHR1_up",1,0.065125,458,"N_458_Count_19.","tccgaccttagctcagttggtagagcggaggactgtagtagacgcagataatccttaggtcactggttcgaatccggtaggtcggatcattaaagttgaaagttttttttttccatttcgtttcaaagtgcttagagaagagtataactacaaactcgtttttctatgagaaattgtttaagagaattgcatagctattgaccgtattatcagaaatgagtgggaaatctcgaaggaattttcactgtattttaaaccgttcaagggtaaaccctcattttcgtatatttacgagatttaggcaagatattatgtgtttttctaatataatgtttttataaattcaaactttgttttcaaatttgtaatagagactcactatgagtatgctaacttaatacaaatcattgtgctgatagaatattttgatcagtacacatgcatgaaatagaatacaa","430_44",5,450,69
2510201,2511300,"Ath_CHR1_up",1,0,892,"N_892_Count_10.","ccaaataggtttatggttctaatcttttttattttgttcataaactgcgtcatccttgtaattttctacttctcactcatgatcaaaatttaggatagagaatggtatacggtttagtctattttgaaataaaagtttagtttagagaaaaagtggacgtgccggagtggttatcgggaatgactagaaatcatggaggctttgcccgcgcacgtttgaatcttgccgtttacgtttttattttgagtgttggtaagtttttaaaataacttattgtgttttatggatcgtttttgaatttgaacggttttccatcatgttaccgttttcagtaaaatttagtattgataaaaaaaccttaaaaaaacaagatagcatgaaagatatgaagtcaactttctttctactcctcttcttgataagtttaaatttgattaaaaagcttctcttgaatcatcaacatgcataaagtgttataatacaaaaccgaccttagctcagttggtagagcggaggacagtagaagacgcagattatccttaggtcataggttcgaatccggtaggtcggaatttgctcccacatgagagctttttatttttcttttgttgtgacattaaggtgtttgaattttataataaacggttatatgcataattatattcaaatgcttgtgggttgtgcctataagttgtcaacgttcatacaagggtagtgaaataacctttcccactctgttgcacgatttgtttggctttattttcaagaatataaacaattatagcgcaatctcaatattacatgcataaatatatcatcaaagttgctctttagaaataatttattttttgatatgagaaaatattataaaaattcaaaacaatcaagacag","892_45",2,533,41
2564101,2566300,"Ath_CHR1_up",1,0.00191666666666667,135,"N_135_Count_11.","gttccactggctctgccatggttatggtttggttcggcggtagagctgattggttcagtgcttggcatcattaacactgttcgttctggtgaaggaagagaagatgattgtgtgaagaaagtgaaaacattttac","135_115",5,135,15
2593801,2596000,"Ath_CHR1_up",1,0.000958333333333333,76,"N_76_Count_4.","caatcaatgttgttcttccctacagcctggctagtctggtttctagttagtagttaatcgatatgtagcactacat","76_123",2,75,17
2600401,2601500,"Ath_CHR1_up",1,0,115,"N_115_Count_3.","ttatcaagtgtgctcatttcatatctctctcccttttcttactgtgtttgtacatctcgctctccttcttctttcttcttcaaaagacatcctagtgaataaatcttcttctctt","115_46",3,96,27
2678501,2680700,"Ath_CHR1_up",1,0.000958333333333333,580,"N_580_Count_6.N_597_Count_5.","tttataatggtgtatagatatctatacagtggtgtacatatattactatgcatttcttttttctctctttcaagttagatttttctggtcgtcaatcaataatttagtcgcttgttgattttgatctacagattaatagggttgctaattcagaattttgtggttggcttcgaatcatgtacatactaactggctacggttgggcttaaattttatgtgatgtttgttgctgctggtaatatccttgtttatattcgattagtgttattttgtgtttaaccgcaaacctctcctctcacaaccacaaatcattggaaataaataagcatacagtgttagctagtctctaaaccaattgaataaagagaataaaaaactatattgttgaaataccagaaaaaaaaaaaaacaaagacaaagaataatttttgtatttatatgtacaattgtttattcatctatattaatttgtatctatatatttaaaaagcttatatatatatatatatatacagtgatttatttctgtacagatctgtacaccactgtacagaactgtacaccactgtccagatacatc","580_124",2,77,87
2765401,2767600,"Ath_CHR1_up",1,0.0105,42,"N_42_Count_10.N_72_Count_4.N_39_Count_3.N_144_Count_3.","aagccaagtgtgggagcagcagctactgttgtaacgccacaa","42_94",6,42,5
2808301,2813800,"Ath_CHR1_up",1,0.000266666666666667,54,"N_54_Count_10.","tagatacgcgcttgccgatcgatgttattatataaaaccgtatgatgacattca","54_126",2,52,13
2824801,2825900,"Ath_CHR1_up",1,0,35,"N_35_Count_6.","aatctcatgagatcgttagttctcagtaatacacc","35_47",3,42,38
2836901,2839100,"Ath_CHR1_up",1,0,27,"N_27_Count_9.","tttacaatgttcaaatataagatatca","27_9",2,35,28
2954601,2956800,"Ath_CHR1_up",1,0.0155,53,"N_53_Count_12.N_106_Count_1.","attgaatgtcgtttttggcgggaaaatgttgaattgcgttttggcgggaaaat","53_88",12,53,11
2967801,2971100,"Ath_CHR1_up",1,0.00223913043478261,367,"N_367_Count_13.","caaaaaatgtgttttcagcgaaaattgaaattcacgttttcccgccaaaaccataaaccgaagttttcccgccaaaaccgtaaaaaatgttttcttaccagaatcacaaaaagtgttttccgccaaaattaaaaatcacgttgtcccgccaaaatcgtaaaaccacgttttcccgccaaaatcacaaaatagtgtttttcaccacaaattgaaaatcacattttcccgctacaactgtaaaccgacgttttcctgccaaaaccgtaaaaaatgttttcctatcaaaatcacaaaaagtggttttcaccaaaattgaaaaccacgtttttccgccaaaaccgtaaaaaatgtcttcctgccaaaatca","367_108",3,224,48
2973301,2975500,"Ath_CHR1_up",1,0.0128333333333333,276,"N_276_Count_13.N_696_Count_2.","gaaatacggttgtaaggtgagaagggaagtgttgttcaccaggaagctttggacaatgccagatatagagagtatgaagaaggggcatggagccttgttctactatccactcttcccactctatttcccgtattgaaagcttctgcaattgaggaaacccaccgcccgagcaaaccattctcttcccactgaaagattgaaacaaagaaacatttttcaagtgaagcagcttctctagaatccgcattggatcctcctccacatacataccgagta","276_91",5,246,35
3215301,3216400,"Ath_CHR1_up",1,0,306,"N_306_Count_4.","ataaaactttgaattgggttggattttatgttatatttaatttgaagtttatgcatataagtatttttactggaaaaaatcttagaaaaattaattgcctacattaataatttttactacatgtatatctttgagacaatttaaaataacttatttaatgatttaagtacaatatatatttaaaactaagttaagtatttaatttcatttaaattaatcatgtttgactccttaagtgatacatactttgtttattttgcatattcattaatcattagtatcaaaagtaattgattaaattataaa","306_48",3,134,60
3242801,3245000,"Ath_CHR1_up",1,0.01525,484,"N_484_Count_15.","aagactatgtgggaacagcgagaacttcagttgtgtggaaaattgggaacttggcaaagtgaatttgtctgaccttcaggaaaatgagaagaagaagaagcatgtatgaaaaatacacttaaggaacttgaggagaagagtgaggatttgtaggaaagagttggagaagcggagactggaagcatgaaagtcgaggcaaagaaggttgctttagaaaacagaaagctcagagcaatgaaggttttttctcttgaaaaactcgataacttgtcaaaggtatatgaaagcttggtggatacaagtgaagcgtttttaaagcaaggcaaggattggagaaggtcttgttgatatgtcaaccatagcttgaacattgtggagcccaaattaaaagttataagttggctgcaaaatatacaagtgaaaagtaaggaaaaattcttgaagactgagataagtacacactcaaaatgagtttttcaattct","484_89",3,299,47
3265901,3268100,"Ath_CHR1_up",1,0.00116666666666667,54,"N_54_Count_11.","ttgacccggaggaggctgtgttgatgaaggaaatgacgcatttcccgccatgta","54_122",8,54,23
3279101,3281300,"Ath_CHR1_up",1,0.00125,97,"N_97_Count_11.","aaataaatgtcttgattatttagtttgtaaagttgcattaatttgttttgttaagttgcatttccaatgtataaccttcataaatgttgtagttgta","97_121",2,87,18
3294501,3295600,"Ath_CHR1_up",1,0,42,"N_42_Count_5.","gaaaatatgttacagatgacaaatccacattaatgcaaagaa","42_49",2,43,10
3317601,3323100,"Ath_CHR1_up",1,0.012,803,"N_803_Count_18.N_28_Count_14.","accatcatccgtttgtgaagaattctcacttgttacttggacttaaactcttggtttgcttgttactttcataccgcaaatggttggtcttgtcaacaaagaagacaattagcgctatggaaaggaccatggagactcctaggatccaataagttgttgcttgtggaatctactgggctcgtgagtaaaaagccaatgattgcagtagtgagacaaaatagagagaggtctcgtgccatacggtcctgtaccgtgatcccaatcacaaagggagccaatccatcaagcacaaaacaccacatgcctagaaaagtgtccatgatagatatcaacaatagtcgactccttatgatgctgtctatgaatgttgaaagcgttgaggttaacacagctcctccaaagagatatgcgaagatcttcacttgtgagttgaggacacaaccacaaattcatatcgaatgactaatagaattagataggggatacgttcaaatcgaataagtagtcaaattagattgagaacaaattcaaagcgaatgagtaataaattagatcgaatagaagattgtggaccaaaatcataatgacgtgtagccgatttaacgtcgtggaccaaaagacatacaattgatcaaatatatttcaaaaccagatttaaattttgtaagagatgaaaatcacataagaagaaaaaaaacttcattgttcttgaaaaagaagaaaagttaagaataagagagaaaacaataagaaaaaataagcattaaataaataaataaaaatatatagaggaaagaaacaac","803_85",4,256,69
3344001,3346200,"Ath_CHR1_up",1,0.000625,38,"N_38_Count_11.","actaaaagcaaattcgaaagaaaacataatcgtaaaaa","38_129",2,38,10
3371501,3373700,"Ath_CHR1_up",1,0.000125,215,"N_215_Count_8.N_238_Count_2.","aaagacatgttctaagatggcttgtgtaaagactaatcgaatatattgactactagttatattttacatttataaaagaccaaacaatttccgtgaattaaagtttcaaaacttgtataggtatattttgaaagcaacacctgaatagatttatatcaatggattaaacttatgtgcagtagagattaaatatcaatcaatacatagtttgacaa","215_139",3,188,33
3374801,3377000,"Ath_CHR1_up",1,0.00383333333333333,165,"N_165_Count_11.","tactaatgttggtgtacgtatgtagtgtactaatgttggtgtacatatgtggtgtactaatgttggtgtacgtatgtggtgtacttatgctaatgtagacatttgaggtgtactaactctggtgtatgcatgttgtttcccttattctagtgtacgtatatagtg","165_104",2,154,17
3378101,3380300,"Ath_CHR1_up",1,0.00166666666666667,64,"N_64_Count_4.N_183_Count_4.","acatatattcagttaaatgtattgtgtttcttcaattgaaaaataaataatataaacatatagt","64_118",2,60,16
3516701,3517800,"Ath_CHR1_up",1,0,133,"N_133_Count_6.","atgcacatttagtttcaggaactttttctataccagtagctagctcgttctaaatttggcatatttcaaataaaggtgtcgttttcattttcagaatcctattaacacctctagcactagtattcaataataa","133_50",4,97,44
3553001,3554100,"Ath_CHR1_up",1,0,32,"N_32_Count_7.","aatattagtcttcttttttaggtcttgatcag","32_51",3,32,22
3583801,3587100,"Ath_CHR1_up",1,0.000239130434782609,26,"N_26_Count_6.N_53_Count_1.","caataaagttaaccaataatgtaaac","26_136",2,30,14
3707001,3708100,"Ath_CHR1_up",1,0,54,"N_54_Count_7.","cataactgctggtggaagcggtggtggtggtggtggagcaaagtgtttcaaagg","54_52",10,51,39
3781801,3782900,"Ath_CHR1_up",1,0,153,"N_153_Count_6.","atcaacatggcctgataggacttcggctactgatttgacatctgatgtgtctggtgtaatatcatcacgacaaactaggacttctccagcccccgtcatgccaatgatactcaatcagacaacaaaaatgaaatctgatgagccttctataac","153_53",4,153,13
3831301,3834600,"Ath_CHR1_up",1,0.00956521739130435,556,"N_556_Count_15.N_409_Count_1.","tatataagttttgatactatattcgaataaagtgtaatataccttttcaatttatattctttaactaatttaagcgaactaatatatttgctaatcttatacctatcaaaaccgactatcgtttcttatctctatagtatatttgcaagacttttttggtggatttggataaaagtgcatatcgttctactatattatttgggaagtacattttaaatgtaactttaatttttgtaattaattacatgacaatgccattaaaaaaatttaatcaaaaacaaaatcttttaatgacatcattaagattaccaaaatcatttaacgacaatattcatctcttaattatagggcttattggatttaaagatgggtcattaaagatttcctaaactgaaacaaaatatactgaatattcaattatctatctgttaccaaattataaacaaataagttcgtaaaacaatttaatattttatatacgaaatcaactaaatcttaatcacataaaatttgctcaaaaaaaaagtattcaacaattaaaaatttatcaaatctc","556_90",3,217,61
4205301,4208600,"Ath_CHR1_up",1,0.00110869565217391,556,"N_556_Count_6.","tatataagttttgatactatattcgaataaagtgtaatataccttttcaatttgtattctttaactaatttaagcgaacaaatatatttgctaatcttatacctatcaaaaccgactatcgtttcttatctctatagtatatatgcaagacttttttggtggatttggataaaagtgcatatcgtcctactatattttttgggaagtacattttaaatgtaaccttaatttttgtaattaattacatgacaatgccattagaaaaatttaatcaaaaacaaaatcttttaatgacatcattaagattaccaaaatcatttaacgacaatattcatctcttaattataggacttattggatttaaagacggatcatcaaagatttcctaaactgaagcaaaatatactgaatattcaaatatctatctgttaccaaattataaacaaataagttcgtaaaacaatttaatattttatatatgaaatcaactaaatcttaatcacataaaattagcacaaaaaaaaagtattcaacaattaaaaaattatcaaatctc","556_90",2,339,40
3836801,3837900,"Ath_CHR1_up",1,0,38,"N_38_Count_8.","gaaataagagagttcaaatctaagataaaccaaagaca","38_54",4,38,20
3876401,3877500,"Ath_CHR1_up",1,0,280,"N_280_Count_6.","taacaacgtgaatgagtgggagacaattccaagtccttattagctctgcatcaataatagaaacaatgcatacatgatagattggcacgaagaagtccttacccaatcagatacgcaacgttgtcattgttcaatgctatcaagaacaaaaagaagaagactttggttatcaaagactttagaataagttactgcaaattttcttctattccattcaaagacaatcatttacttaaatacacaaaaaaggtgttcagaaagtaactgctcactaaacaaa","280_55",4,178,46
3880801,3881900,"Ath_CHR1_up",1,0,59,"N_59_Count_10.","tcttcactggtatggtttctaggacatgcttgatcaggttctactcttctccttcttct","59_56",3,59,23
3906101,3912700,"Ath_CHR1_up",1,0.000214285714285714,98,"N_98_Count_11.","agaacaagtttggctctgagttttgttgattgatgatgttgtgactcgtgtatagctcattgataaaaaactttgcattagtctctatttagtctcga","98_128",2,93,20
4023801,4024900,"Ath_CHR1_up",1,0,23,"N_23_Count_5.","aatcacatgtatgtgcaatacct","23_57",3,23,5
4055701,4056800,"Ath_CHR1_up",1,0,529,"N_529_Count_11.","atccaaagtttattatattagctgtaacaagtgtaatatatgttcttgttgtgtgcatttaatatggtggggctcacgtccattaacgctctatcagttgattagattaaagaagacttttgggtctttaattaactgaaataataaccttactaaattatttggcaatgcattacaatttacagctagaagtctcaaaccaattgattaaaaatgaaaacaaattaaaagacgtgcatatagttgacttgaaagcagtactgaaccacgactataatttgttttgatcaagataattgtgcttttacgttttaaattggtttatgaaaataataatataaacccatttgtagtgtttttctaaaacaaattttgttctcaaccatttcctaaattgttaactttctaacgcatgtaaagttatacaataccatattgaaaactggaaagtatattgttaataccacatcggaaactagaacagatctcaaatgcattattgtaatactataacatattacaataactt","529_58",2,321,40
4059001,4061200,"Ath_CHR1_up",1,0.00816666666666667,570,"N_570_Count_16.","acaaaaagtgatgaagatttgtcagtactccctttgttttggtgtaacaataaagaattcaatgttgatggtgggtgcgacatatgcagcggctcaaattttggcacagactattatttatgtgtccactgtgatagtatataccacaaagaatgcgtccaatctccattcaaaattgagcacccataccatccggagcactctctacaactttcctatcttgaccttaatgctcgcattatggagtgtttttgttgtggaagaagagcaacatatctggtatattactgtaccatatgtgatgttctaatgcatacagtgtgtgcgatgaagtcgatacccttaggtggatttcacgagttggaaaacaatggtaaactattttttgtatatcatcacccaaaataccaacccataccacaaacaaaaagcccctcctctgataaaacagccaaccacgatctcccatttcaaccacttttcttatgtcctcatctacgtgttactaaaaattcttctgattctctcacttacccaatcagttattcccctgaatacatcgtctctaca","570_99",3,264,57
4066701,4068900,"Ath_CHR1_up",1,0.000583333333333333,45,"N_45_Count_11.","accatacgagagagactagcacatcactagctcagctcacattac","45_132",3,45,9
4100801,4101900,"Ath_CHR1_up",1,0,17,"N_17_Count_6.","tggtagtggtggtgtcg","17_59",7,18,24
4246001,4248200,"Ath_CHR1_up",1,0.001375,388,"N_388_Count_11.","cgaaaaattgaggtctagtgatcctatatattggatggtttcgaaagttgtgaattcatgttgtcacgataaagtggtttcaattggtggacaatggcgggtcgactaacatcggaaatagttggtctaatgatcatcttcgatgataagacgaatatcggggattccacctacaagaaattagggattttaatttcaaacgacgaaaagaaattagggattttaataaatttggaaatttctataagtgacaaaatatagctttcgattaatgtcgaagaaaatttggtcgatgatcgtagatcttggatgatggaaaatatctcgggttctagtaaatttcttcgtaacaatgtggtttcaattagcaaaaagaattcaactcatt","388_120",4,269,38
4308701,4310900,"Ath_CHR1_up",1,0,16,"N_16_Count_10.N_92_Count_6.","actataagtaatttaa","16_10",2,16,0
4326301,4328500,"Ath_CHR1_up",1,0.000208333333333333,45,"N_45_Count_3.","agaagacggcggtggcggagttgctctaaaagaaggcgacatctt","45_137",6,45,19
4345001,4348300,"Ath_CHR1_up",1,0,30,"N_30_Count_5.","tcacaactcctccgggactcctccctccga","30_3",4,30,9
4450601,4451700,"Ath_CHR1_up",1,0,30,"N_30_Count_6.N_27_Count_1.","taatgatggtggtggtggtgatgatggtga","30_60",9,30,14
4455001,4457200,"Ath_CHR1_up",1,0.000666666666666667,34,"N_34_Count_10.","aattaaatgtgagaatcagtttttaagactaacc","34_127",3,34,27
4508901,4510000,"Ath_CHR1_up",1,0,200,"N_200_Count_7.N_401_Count_1.","aataacaggagattcgattaaccgtgttttgtaaagaaaccaaagtttcatgtccataaggtcttgaaggtggaggtctctgcaaactgaaagaaaaatcaacaaacaattttttggtatccataataacgagtccatttaaatatatccattcagaaacttttctactgatccgtatccattctatataccatgtcaat","200_61",4,190,15
4557301,4558400,"Ath_CHR1_up",1,0,416,"N_416_Count_6.","gacccacgcgcgtctattgggctcagttgtggattttgcttaaaagtggcctaaatccgtggactatagctggcgtttatgacgcaacgcgcaacgcgcgtgaggaccgcacgtgggattttcctgaaacactctcaggttgtgagaatttttttttgtttggtaataaaagttcagagagggttgtttgataaaaagaagggaatgcaaaacttctacatagtccaatagtctgatgaaattcacctttcaaagccgaattacagaatatgtgtttgatatgatcatgcatgcatgtgagtacaccatgtcatttttttatacttaaaatcacgatttcacataatctattcaaaagcttcttataaaacattctcagtctcaaaatatgagacaaaagaaaaaagaaaaaactc","416_62",2,281,33
4573801,4577100,"Ath_CHR1_up",1,0.00152173913043478,164,"N_164_Count_12.","aaaattagttgtcgtttaaggttttttgtcggcggcgtgaaattgaatttttgtttacgtgaagttcacgctttcgtttgtaaaacagttacatagttagtttagtggttatttattaaaacagtttaacatataattattactaaaatatactccttctattt","164_114",3,141,20
4584801,4585900,"Ath_CHR1_up",1,0,50,"N_50_Count_7.","tttatcatgagtatagatctggtagaaatagttgcaaatttcataattaa","50_63",4,50,34
4754201,4757500,"Ath_CHR1_up",1,0.000391304347826087,27,"N_27_Count_10.","tatttaatgtattagtttgtttaagaa","27_131",4,27,2
4799301,4800400,"Ath_CHR1_up",1,0,80,"N_80_Count_6.","aaaatcaggtaggatttctgaggccgtagctttctttgattatatggttgaaactggatgtagacccaatgttcaaacaa","80_64",3,80,47
4886201,4887300,"Ath_CHR1_up",1,0,55,"N_55_Count_6.","cgaaaaatctagtgcctacatatggtttttcaaacattatcaagactgtcataca","55_65",2,62,20
4914801,4915900,"Ath_CHR1_up",1,0,117,"N_117_Count_6.","cttcatagctttcttggatgctctcttcatagttctcttcttggatgctgtcttcttcggacgcttgttctgatccagattcatagctctcttcttcagacacttggtctgatccag","117_66",3,91,28
4933501,4937900,"Ath_CHR1_up",1,0.000882352941176471,107,"N_107_Count_11.","aacactagttctgtttgttcgttctaacagagcaacaacaatctcgtattctttccaatctatataaaaaatgtttatcacattatatttaccttacctgcacctat","107_116",3,106,25
5097401,5098500,"Ath_CHR1_up",1,0,32,"N_32_Count_3.","actcaaattggaacagatcagcttttgaataa","32_67",3,32,16
5108401,5111700,"Ath_CHR1_up",1,0,88,"N_88_Count_8.","aaacatatgtgtgtgttcataattaacatcgttatgaatcttatgatgatgatcataattaacatatgtgtgtgttctttcacaaaaa","88_4",2,72,20
5144701,5146900,"Ath_CHR1_up",1,0.00833333333333333,496,"N_496_Count_15.","gcttcaatctttgggggtgtagctcatatggtagagcgctcgcttcgcatgcgagaggcacggggttcgattccccgcacctccattccatttaaataataaattttgtgacaatattttatatcagaaagttcaaccgtccgattgttttttttttctgttttcgggtgaaaaatcgaaaacagaaagttcagaaagttcaatattttatatcaaaaacatttactaaatctttacatatttttatgtgttattatattatttaaattacacaaatattaaatcaaaaatggaaaatagagactaagaaagaaatacgctaatcgattttaatgtcagatcattttctttaatttagtgacattgattttttttttttaaactttaaaactttttatcattattattatgatgtaagaaaaaagagtatgattgttgatttgttatttattatacataacacattatactgatttaaattaaaataaaaatgcaa","496_97",2,305,39
5152401,5153500,"Ath_CHR1_up",1,0,80,"N_80_Count_9.","aaaatcatgttttcccgccaaaaccgtaaaatcatattttcccgccaaaaccgtaaaatattttttcccgccaaaaccgc","80_68",5,79,24
5187601,5193100,"Ath_CHR1_up",1,0.0317555555555556,85,"N_85_Count_12.N_145_Count_4.N_32_Count_3.N_252_Count_2.N_148_Count_1.","cagatcattgagcttcttttaagcagataattgaatttatccccatctataagcagatcattgaatttatccccatctatataag","85_81",12,85,11
5222801,5225000,"Ath_CHR1_up",1,0,93,"N_93_Count_6.","caactaagagctttctagtagtctttctatacttgtctgaagaattcatatacggaatatactagtctttctaagatttcatattcattacaa","93_11",2,69,27
5305301,5306400,"Ath_CHR1_up",1,0,104,"N_104_Count_9.","tattaaattattttttttccacaaaaattgaatatcaatattattattacttttattgttaatcaaaatttttttttaatattattaaactaacaaaacaataa","104_69",2,104,9
5314101,5315200,"Ath_CHR1_up",1,0,23,"N_23_Count_2.","aagataagtgtattttgaccaaa","23_70",3,24,18
5377901,5379000,"Ath_CHR1_up",1,0,36,"N_36_Count_4.","tcatgaagtttacatctttcttcgctaaagttcaca","36_71",4,37,12
5416401,5418600,"Ath_CHR1_up",1,0.000375,61,"N_61_Count_5.","aaaaacagagtaggtaagtcatagagtagtagacatggcatggtagatatttagatatcct","61_135",3,61,4
5475801,5478000,"Ath_CHR1_up",1,0.000625,54,"N_54_Count_10.","aataaaatatgatgatttaaatcatccatattaaaacagtaaattaaaatatta","54_130",7,55,23
5489001,5490100,"Ath_CHR1_up",1,0,228,"N_228_Count_7.N_453_Count_1.","aatacaaggtgaagagtagactctttctggatgttgtaatcagccaaagtccttccatcctcgagctgtttaccagcaaagatgagtctctgttggtctggtgggatccattccttatcctgaatcttagctttgacattatcaattgtgtctgagctctcaacctccaaggtaatggtcttgcctgtcaaagttttcacaaagatttgcataccaccacgaagacgc","228_72",4,211,21
5513201,5514300,"Ath_CHR1_up",1,0,708,"N_708_Count_10.","tattacagtctttaatgccagtttctggcatttcaccggccatgttcacacatttggcaaatggtggtcgaccttggatttacgtaagtgcaatattcacaaggccaatggcttgaatcggagctgctggctttagaactcgatcccttagtcttcccccctaagctctttgaacttgaagttcgatcatattcatatgcaccatgtgagctcgcatccaatagctcattctccaccgctcgatatagttttccgtgtcactgttcattcatagtaatagtaggttattagcttctttcatcacccagagccaactaattcaatgcataaccttcttaagcatcctcagtactaagtttcagagtataacttactttccttgaaactacaagactcgaaccggattcgttacttgaatctctttttctggattttgtatattctagaataataatagaaatcagcaggcgttacaaaaattagattgtctggacaaaagattagaaaaaaacttacagaagttttacaattattttgtaagaacttatatataactcacctctcatgttttcactttttggtcattggcaaatcaataataatggccaatctaatccaatttattggacccgtttattctaatacgagaaacatacaaagttacacgacacttgatcataattatgaccaaaagcgacgaagcattac","708_73",2,517,30
5557201,5558300,"Ath_CHR1_up",1,0,44,"N_44_Count_2.","aatgaaattctgggaatgtctcctcaaagacgtagatcacaaga","44_74",2,44,3
5564901,5567100,"Ath_CHR1_up",1,0,21,"N_21_Count_4.","tactaccgtgtacgtacacat","21_12",5,21,5
5588001,5589100,"Ath_CHR1_up",1,0,36,"N_36_Count_1.","aaaaaaatgcgattgcgtttggttgcaataacagaa","36_75",2,37,6
5640801,5641900,"Ath_CHR1_up",1,0.0085,29,"N_29_Count_10.","ataacacgtgaggcgagctgactaaagtc","29_102",3,29,4
5676001,5677100,"Ath_CHR1_up",1,0,109,"N_109_Count_7.N_157_Count_2.","cacaaaagactcatcttctccagcactatggaaacagccacgtttctgaagcgaagctgtttcacatgcacaaagccaagtctcagagaagaagaataaactaaaagaa","109_76",3,90,45
5786001,5787100,"Ath_CHR1_up",1,0.0035,43,"N_43_Count_6.","agaaatatgctgtttttgaaatatatttaataaattgtaaaaa","43_117",2,49,19
5798101,5799200,"Ath_CHR1_up",1,0,74,"N_74_Count_10.","gcataaattagcgatttagtagggcttatgtgtattgatcacaagatctaacaagtcattaacacaagtcacaa","74_77",4,74,21
5802501,5803600,"Ath_CHR1_up",1,0,74,"N_74_Count_4.","gcataaattagcgatttagtagggcttatgtgtattgatcacaagatctaacaagatattaacacaagtcacaa","74_77",5,74,10
5805801,5806900,"Ath_CHR1_up",1,0,44,"N_44_Count_3.","taaaaaagtcttttccttttgagttcacatttttcatttactaa","44_78",2,56,32
5817901,5821200,"Ath_CHR1_up",1,0,80,"N_80_Count_2.","tataatattattgttttaccttttttgataacaaattcatgtagctttagatcaaattctgtattttttacatctacaca","80_5",2,87,10
5915801,5919100,"Ath_CHR1_up",1,0.00245652173913043,54,"N_54_Count_11.N_271_Count_1.","aaatcacgttttcccgccaaaaccgcaagatcccgttttcccgccaaaaccgca","54_106",7,54,13
