"starts","ends","scores","N.k5","consensus.seq.k5","consensus.k5.count","N.k10","consensus.seq.k10","consensus.k10.count","N.k20","consensus.seq.k20","consensus.k20.count","N.k40","consensus.seq.k40","consensus.k40.count","k5.coverage","k10.coverage","k20.coverage","k40.coverage","top.k","top.k.N","top.k.seq","top.k.cov","top.k.count"
4001,8000,89.6275818954739,7,"ttaatta",713,152,"ttaattattagttactaattattattaatcctcattaattattaattaataattaatattacaataactattatttattttgaattattaattattaattactttaattattattatattagctattattaattattaattacttattatta",3,152,"agctattattaattattaattacttattattattaattattagttactaattattattaatactcattaattattaattaataattaatattacaataactattatttattttgaattattaattattaattattttaattattattatatt",5,152,"ctcattaattattaattaataattaatattacaataactattatttattttgaattattaattattaattactttaattattattatattagctattattaattattaattacttattattattaattattagttactaattattattaata",3,124.806201550388,11.4028507126782,19.0047511877969,11.4028507126782,5,7,"ttaatta",124.806201550388,713
38001,42000,96.4758689672418,2,"ta",848,2,"at",990,2,"at",990,2,"ta",848,42.4106026506627,49.5123780945236,49.5123780945236,42.4106026506627,10,2,"at",49.5123780945236,990
48001,90000,85.1816822617698,59,"cgaaactcgaattccgaatttttccgaaaatccggccatttttcggccggacgtgtgtc",308,59,"tgtccgaattttcgaaaaaatccggaattcgagtttcgggcacacgttgggccgaaaaa",413,410,"tcgagtttcgtggtcacatttagccgaaaaatgactcgaatttcgaaaaaaccgagaatttttgtttcggacacacgtccgggcgaaaaaagtccgaaatatggaaaaattcggaattcgagtttcggctcacattaggccgaaaaaaaactcgaatttcgtaaaaaccgagaattcttatttcgggcacacgttgggccgaaaaatggccgaattttcgaaaaaatccggaattcgagtttcggttacacgtttggccgaaaaatggctgaattttcgataaaatccgaaattcgagtttcggacacacgccgggccgaaaatttgccgatttttcaaaaaattcagaattcgagtttcgggcacacgtccgcccaaaaattggccgaaatatggaaaaaattcggaat",6,0,"",0,43.267696849925,58.0180480487631,5.85728231624562,0,10,59,"tgtccgaattttcgaaaaaatccggaattcgagtttcgggcacacgttgggccgaaaaa",58.0180480487631,413
104001,106000,78,90,"ctttgaggaatacgaaaagcgaatggaggaagaagaggaatactttgaggaatacgaaaagcgaattgaggatcaaggaacagaagaatg",5,90,"gaccaaatgctaatggaggaagaagaggaataccaaaaggaatacgaaaagcgaattgaggatcaaggaacagaagaatggagtctggaa",5,90,"taccaaaaggaatacgaaaagcgaattgaggatcaaggaacacaagaattgatcccggaataccaaaggaaagtagattcgttttttttc",4,90,"gaccaaatgctaatggaggaagaagaggaataccaaaaggaatacgaaaagcgaattgaggatcaaggaacagaagaatggagtctggaa",5,22.5112556278139,22.5112556278139,18.0090045022511,22.5112556278139,5,90,"ctttgaggaatacgaaaagcgaatggaggaagaagaggaatactttgaggaatacgaaaagcgaattgaggatcaaggaacagaagaatg",22.5112556278139,5
192001,222000,70.6216147449466,88,"ctattttttggccgaacgtgtcccgacgctatttttcggcaaacgggtgcccgaaactcgaaatctgcattttttttgaaattcgagc",58,88,"tcggccaaacgggagcccgaaactcgaattctgcattttttcgaaattcgagccatttttcgccccagcgtttgcccgacgctatttt",263,1463,"gaacgtgtgcccgacgctatttttccgtcatacgtgggcccgaaactcgaattcttcattttttcgaatatcgagccattttttggccgaacgtatgtcccgacgctatttttcggcaaacgggtgcccgaaactcgaaatctgcattttttttgaaattcgagccaatttttggccgaacgaatgccagacgctatttttcgatcaaacccgaaactcgaattctgcgttttttcgaatatcgagccattttctagccgaaaaggtgcccgacgctatttttaggccaaacgagggcccgaaacacgaattctaaatttttttgaaattcgaggaaattttttggccgaacgtgtccggacatcatttttcggcaaacgggagaccgaaactcgaattctgcatttttttcaaattcgagccatcttttggccgaacgtgtgcccgacgctatttttccgtcatacgtgggcccgaaactcgaattcttcattttttcgaatatcgagccatttttttggccgaacgtgttgccgacgctatttttgggcgaaacgggtgcccgaaacacgaattctaaattttttcgaaattcgcttcgttttttagtcggacgtgtgcccggcgctatttgtcggccaaacgtggttccgaaactcgaattctgcatttttccgaaattcgacacatttttaggccgaaaagtgtgcccgtcactatttgtatgccaaacgagagctcgtaattcgaattctgtatttttttgaaatttgagccatttcacggccgaacgtgtgccggacgctattgtttgtccaaacgtaggcccggaactcgaaatctgaattttttcgaaattagagctattttttagcgaaacgagtttccgacgctctctttcggcgaaacgtgcccggaaactcgaattttgtattttttggaaattagagccatttttttcgccggaaatattccctacgctattttgaggcgaaacgtgtgtccgaaactcaaattctgcgtttttttgaaattagagttattttttggtcgaacgtgtgccagagtctatttttcggtcaaacttgggcccgacactagaattctgtattttttcgaaattcgagccatttttcggcccgacatttgccgacgctatttttcggccaaacgtgggccgaaacacgaatatggaattttttcgaaaatcgagccatttttcggccgaacatgttcccgatgctatttttcggcaaacggtagcacgaaactcgaattcttctttttttcgaatatcgagtcattttttggccaaaatgtgtgcccgatactcgaattctgcattttctatgaaattctagccattttttggccggaagtgtgttcgacagtatttttcggccaaacgggagcccgaaactcgaattctgcattttttcgaaattcgagccatttttcgcccc",1,1720,"cattttttttaaattcgagcccattttttggccgaacgtgtgccagacgctatttttaggtcgaacgttggcccgaaactcgaattctacattttttcgaaactggagcctttttttgccgaacgtgtgcccgacgctatttttaggccaaacgggatccgaaacacgagttcgaaatttttaggaaattcgagcaatttttttgccgaacgtgtcccgacgctatttttccgtcatacatggccctgaaactcgaattcttcattttttcgaatatcgagccattttttggccgaacgtgttcccgacgctatttttgggcgaaacgggtgcccgaaacacgaattctaaattttttcgaaattcgcgccgttttttaatcgaacgtggttccaaaacccgaattctgcatttttccgaaattcgacacattttaaggccgaaaagtgtgcccgtcactatttgtatgccaaacggtagctcataattcgaattctgtatttttttgaaatttgagccatttcacggccgaacgtgtgcccgacgccattgtttgtccaaacgtaggcccggaactcgaaatctgaatttttccgaaattagagctattttttagcgaaacgtgttcccgacgctatctttcggcgaaacgttggcccgaaactcgaattttgtatttttcgaaattagagccatttttttcgccggaaatgttccctacgctattatgaggcgaaacgtgtgtccgaaactcgaatcctgcgtttttttgaaattagagttatttttcggtcgaacgtgtgccagagtctatttttcggtcaaacttgggcccgacactagaattctgcattttttcgaaattcgagccatttttcggacgaacatgttcccgatgctatttttcggcaaacgggagcccgaaactcgaattcttctttttttcgaatatcgagtcattttttggccaaaggtgtgcccgatactcgaattctgcatttctatgaaattctagccattttttggccgaaagtgtgttcgacagtatttttcggccaaacgggatcccgaaactcgaattctgcattttttcgaaattcgagccatttttcgccccagcgtttgcccgacgctatttttcggctaaacgtggtctgaaacacgaagatggaatttttttgaaactcgagccattttttaaccgaacatgttcccgattctatttttcgacaaacgataccccgaaactcgaattctgcatttttttaaattcgagccatttttggccgaacgtgtgccagacgctatttttcggtcgaacgttggcccgaaactcgaattctacattttttcgaaaatggagccttttttttgccgaacgtgtgcccgacgctatttttaggccaaacgggatcccgaaacacgagttcgaaatttttaggaaattcgagcaattttttggccgaacgtgtcccgacgctatttttccgtcatacgtggccccgaaactcgaattcttctttttttcgaatatcgagccattttttggccgaacgtgttcccgacgctatttttgggcgaaacgggtgcccgaaacacgaattctaaattttttcgaaattcgcgccgttttttaatcgaacgtgtgcccgacgctttttttcggccaaacgtggttccaaaacccgaattctgcatttttccgaaattcgacacattt",1,17.0139004633488,77.1492383079436,4.87682922764092,5.73352445081503,10,88,"tcggccaaacgggagcccgaaactcgaattctgcattttttcgaaattcgagccatttttcgccccagcgtttgcccgacgctatttt",77.1492383079436,263
226001,236000,88.6718819250346,88,"tttcaaattcgagccattttttggccgaacgtgtgcgaaacgctatttttcggtcaaacacgaaacacgaattctaaattttttcgaa",30,87,"tttcaaattcgagccattttttggccgaacgtgtgcgaaacgctatttttcggtcaaacacgaaacacgaattctaaattttttcga",38,0,"",0,0,"",0,26.4026402640264,33.0633063306331,0,0,10,87,"tttcaaattcgagccattttttggccgaacgtgtgcgaaacgctatttttcggtcaaacacgaaacacgaattctaaattttttcga",33.0633063306331,38
252001,254000,98.6,24,"ttttgaactcagtgagtaactacc",4,24,"cagtgagtaactactcttttcact",4,24,"tttgaactcagtgagtaactacct",4,0,"",0,4.8024012006003,4.8024012006003,4.8024012006003,0,5,24,"ttttgaactcagtgagtaactacc",4.8024012006003,4
268001,278000,79.3396570863891,173,"gtcttgaacgtgcatttcttgcaatttctgtacgtaattaccatttataatccaattcttttgaatttttaaaatcataaactaattctccactgtataatgatcttaaatatagattattgcgattaaatgacttaaaacgaatgcacaatcgcttgaaatgctccaattct",44,173,"tataatgcaatccttttgaatttttaatatcataaacttattctccactgtataaagagcttaaatatagatttttgcgatcaaatgacttaaaacaaatgcacaatcgcttgaaatgttccaattctgtccagaacgtgcatttcttgcattctatgtgcgtaattactacg",46,173,"atttttaacatcataaactaattctctagtgtataaagtgcttaaatataggttattgtgatcaaatgacttaaaacgaatgcacaatcgcttgaaatgctccaattctgtcttgaacgtgcatttcatgcaatttatgtgcgtaattaccacgtataatccaattcttttga",44,337,"ctgaaatgctctaattttgcccagaacgtgcattttttgcactttatgtgtgtaattgacatgtatattgcaatccttttgaatttttaatatcataaacttattctccactgtataaagagcttaaatatagattattgctatcaaatgaccttcacaatcgcttgaaatgctccaattctatttagaacgtgcatttcttgcaatttttgtccataattaacacgtataatccaattcttttgaatttttaatatcttaaactcattctcgactgtataaagagcttaaatattgtttattgtgatcaaatgacttaaaaaaaacgcaaaatcgc",3,76.1276127612761,79.5879587958796,76.1276127612761,10.1110111011101,10,173,"tataatgcaatccttttgaatttttaatatcataaacttattctccactgtataaagagcttaaatatagatttttgcgatcaaatgacttaaaacaaatgcacaatcgcttgaaatgttccaattctgtccagaacgtgcatttcttgcattctatgtgcgtaattactacg",79.5879587958796,46
286001,290000,97.2756689172293,7,"cactaa",391,106,"tgataatcttttatgatatataagttgcatataatccaataaaatcctcccttatagcttattaattactcccttttaactcataagttactctcttaaaataaat",1,34,"accgtatacctagtaataagcatcagcctgacta",2,0,"",0,68.4421105276319,2.65066266566642,1.70042510627657,0,5,7,"cactaa",68.4421105276319,391
302001,314000,77.3510875906325,172,"atactcagaattgtattatttgcactttatatgcgtaattaccatgtataattcaatctttttgaataaataagacctgaatcatattcttaacagtataaaatatttaaatgtagattattgtggtcaaatgacttagatagaattaagaaacgattgaaaatactcaaat",58,172,"gcgtaagtacctggtataatcaaatatttttgaataatcaagatatgaatcatattctagacagtataaagtgtttaaatttagattattgtgataaaatgacttagaatgaatccagaaacgattgaaatgctcaaatgatactcagaattgcattatttgctctttatat",62,172,"aaagttacgcagaattgcattatttgcaatttatatgcgtaattaccatgtataatccaatctttttgaataaacaagatatgaatcgtattatacacagtataaagtgtttaaatatagattattgtgatcaaatgacttggagtgaatccataaacgattgaaatggtga",61,1032,"tttgctctttataagcgtaattaacatgtataatcccgtcttcttgaataaataagatatgaatcatattctagacagtataaagagtttaaatatatattattgtgatgaaatgacttaggatgattggaaaaacgattgaaatacacaaatggtactcagaattgctttatttgcactttatatgcataattaccatgtataatctaatctttttgaatatacaacacatgaatcatattctagacagtataaagagtttaaatatagattattttgattaaatgacataggatgaatccagaaactattgaaatactcaaatgatactcagaattgcatatttacaatttatatgcgtagtaaccatgtataatccaatcttttttaatatataagatatgaatcatattctagacagtataatgagtataaatgtagattattgtattgaaatgacttcgaatgaattcagaaacgattgaaaagcacaaatgatactcagagaattgcatcatttgaactttatatgcgtaattaccatgtacaatccaatttttttgaatatacaagacatgaatcatattctagacagtataaagtatttaaatgaagataattgtcacaaatcacttagaacgatttaagaaaggattgaaaaactcaaatgttacacaaaattgcattatttgcactttatatgcgtaattaacatgtataatccaatatttctgagtaaatatgatatgaatcatattcaagacagtataaagtatttaaatgttgattattctgatcaaatgaattaaaatgaaaccagaaacgattgaaatgctcaaatattatacaaaattgcattatttacactttatttgcgtaagtaccaggtataaccaaatttttttggataaacaacatatgaatcatattctacacagtataaagtgtttaaatttaggttatggtgatcaaatgacttagaatgaatttagaaacgattgaaatactcaaatgatactaggaattgcatta",10,83.140261688474,88.8740728394033,87.440620051671,86.0071672639387,10,172,"gcgtaagtacctggtataatcaaatatttttgaataatcaagatatgaatcatattctagacagtataaagtgtttaaatttagattattgtgataaaatgacttagaatgaatccagaaacgattgaaatgctcaaatgatactcagaattgcattatttgctctttatat",88.8740728394033,62
330001,332000,97.6,68,"caaaaaaggcggagacctttagtaccggtttttaactaaaaaccggtactaaagatctccgccttttt",2,68,"caaaaaaggcggagacctttagtaccggtttttaactaaaaaccggtactaaagatctccgccttttt",2,68,"taccggtttttctaaaaaaccggtactaaagataaaccgttttttattttttttcgccaacattttag",3,0,"",0,6.80340170085042,6.80340170085042,10.2051025512756,0,20,68,"taccggtttttctaaaaaaccggtactaaagataaaccgttttttattttttttcgccaacattttag",10.2051025512756,3
334001,336000,97.6,0,"",0,70,"tctttagtaccggtttttctaaaaaatcggtactaaagatactatttttagtaccggtttttaataaaaa",3,70,"accggtttttctaaaaaaccggtactaaagataaaccgttttttattttttttcgccaacattttagcac",2,0,"",0,0,10.5052526263132,7.00350175087544,0,10,70,"tctttagtaccggtttttctaaaaaatcggtactaaagatactatttttagtaccggtttttaataaaaa",10.5052526263132,3
